{
  "enabled": true,
  "used": true,
  "reason": "ok",
  "video": "/home/user/workspace/Book_Scanner/IMG_4883.MOV",
  "sample_fps": 1.0,
  "max_frames": 60,
  "samples": 14,
  "stats": {
    "paper_ratio": {
      "p10": 0.769149661064148,
      "p25": 0.7940972447395325,
      "p50": 0.808371901512146,
      "p75": 0.8240258693695068,
      "p90": 0.826956033706665,
      "median": 0.808371901512146,
      "mad": 0.01630401611328125
    },
    "brightness": {
      "p10": 224.6617889404297,
      "p25": 227.54248046875,
      "p50": 228.94354248046875,
      "p75": 233.7269287109375,
      "p90": 235.91273498535156,
      "median": 228.94354248046875,
      "mad": 3.5117568969726562
    },
    "saturation": {
      "p10": 22.955764770507812,
      "p25": 26.289785385131836,
      "p50": 27.51805877685547,
      "p75": 31.96139907836914,
      "p90": 33.20805358886719,
      "median": 27.51805877685547,
      "mad": 3.2344789505004883
    },
    "blur_lap_var": {
      "p10": 333.33135986328125,
      "p25": 1251.768798828125,
      "p50": 2219.68310546875,
      "p75": 3120.553466796875,
      "p90": 3867.0908203125,
      "median": 2219.68310546875,
      "mad": 957.6748657226562
    },
    "text_density": {
      "p10": 0.0368279330432415,
      "p25": 0.05430169403553009,
      "p50": 0.0834953710436821,
      "p75": 0.09886574000120163,
      "p90": 0.10163271427154541,
      "median": 0.0834953710436821,
      "mad": 0.017646603286266327
    },
    "skin_ratio": {
      "p10": 0.3392021656036377,
      "p25": 0.36765241622924805,
      "p50": 0.3943287134170532,
      "p75": 0.4192843437194824,
      "p90": 0.4708881080150604,
      "median": 0.3943287134170532,
      "mad": 0.026890426874160767
    },
    "fps": 30.0,
    "frame_count": 432,
    "duration_sec": 14.4
  },
  "overrides": {
    "sim_thresh_merge": 0.88
  },
  "guardrails": {
    "min_norm_score_min": 0.2,
    "min_norm_score_max": 0.36,
    "sim_thresh_merge_min": 0.86,
    "sim_thresh_merge_max": 0.92,
    "hash_thresh_merge_min": 9,
    "hash_thresh_merge_max": 13
  },
  "high_hand_mode": false,
  "applied": {
    "sim_thresh_merge": {
      "before": 0.89,
      "after": 0.88
    }
  },
  "post": {
    "applied": true,
    "before": 0.28,
    "after": 0.26,
    "reason": "",
    "p25": 0.08534559607505798,
    "p50": 0.48794496059417725,
    "p75": 0.7432411909103394
  }
}