{
  "enabled": true,
  "used": true,
  "reason": "ok_from_prefilter",
  "video": "/home/user/workspace/Book_Scanner/IMG_4899.MOV",
  "sample_fps": 1.0,
  "max_frames": 60,
  "samples": 27,
  "stats": {
    "paper_ratio": {
      "p10": 0.7425306439399719,
      "p25": 0.8668212890625,
      "p50": 0.8906046748161316,
      "p75": 0.9107157588005066,
      "p90": 0.9191501140594482,
      "median": 0.8906046748161316,
      "mad": 0.020351827144622803
    },
    "brightness": {
      "p10": 220.52127075195312,
      "p25": 222.63430786132812,
      "p50": 226.3147430419922,
      "p75": 233.31271362304688,
      "p90": 236.25022888183594,
      "median": 226.3147430419922,
      "mad": 4.7103729248046875
    },
    "saturation": {
      "p10": 6.046777248382568,
      "p25": 7.3679399490356445,
      "p50": 8.1934814453125,
      "p75": 10.84278678894043,
      "p90": 30.22998809814453,
      "median": 8.1934814453125,
      "mad": 1.7094860076904297
    },
    "blur_lap_var": {
      "p10": 387.37384033203125,
      "p25": 863.705810546875,
      "p50": 2917.76806640625,
      "p75": 5772.0966796875,
      "p90": 6336.3134765625,
      "median": 2917.76806640625,
      "mad": 2302.41162109375
    },
    "text_density": {
      "p10": NaN,
      "p25": NaN,
      "p50": NaN,
      "p75": NaN,
      "p90": NaN,
      "median": NaN,
      "mad": NaN
    },
    "skin_ratio": {
      "p10": 0.06849771738052368,
      "p25": 0.0915188193321228,
      "p50": 0.1629638671875,
      "p75": 0.2563035786151886,
      "p90": 0.48374295234680176,
      "median": 0.1629638671875,
      "mad": 0.0759819895029068
    },
    "fps": 29.988837901525486,
    "frame_count": 403,
    "duration_sec": 13.438333333333334
  },
  "overrides": {},
  "source": "prefilter",
  "guardrails": {
    "min_norm_score_min": 0.2,
    "min_norm_score_max": 0.36,
    "sim_thresh_merge_min": 0.86,
    "sim_thresh_merge_max": 0.92,
    "hash_thresh_merge_min": 9,
    "hash_thresh_merge_max": 13
  },
  "high_hand_mode": false,
  "applied": {},
  "post": {
    "applied": true,
    "before": 0.28,
    "after": 0.30000000000000004,
    "reason": "",
    "p25": 0.6125909090042114,
    "p50": 0.738947331905365,
    "p75": 0.8885381817817688
  }
}