{
  "enabled": true,
  "used": true,
  "reason": "ok_from_prefilter",
  "video": "/home/user/workspace/Book_Scanner/IMG_4890.MOV",
  "sample_fps": 1.0,
  "max_frames": 60,
  "samples": 30,
  "stats": {
    "paper_ratio": {
      "p10": 0.7781447172164917,
      "p25": 0.7943471670150757,
      "p50": 0.8261650800704956,
      "p75": 0.8418172597885132,
      "p90": 0.8474161624908447,
      "median": 0.8261650800704956,
      "mad": 0.021647155284881592
    },
    "brightness": {
      "p10": 214.11572265625,
      "p25": 215.34420776367188,
      "p50": 217.94924926757812,
      "p75": 223.70645141601562,
      "p90": 224.9065399169922,
      "median": 217.94924926757812,
      "mad": 3.132080078125
    },
    "saturation": {
      "p10": 13.387104034423828,
      "p25": 14.58425521850586,
      "p50": 17.33252716064453,
      "p75": 23.195255279541016,
      "p90": 27.817480087280273,
      "median": 17.33252716064453,
      "mad": 3.923464775085449
    },
    "blur_lap_var": {
      "p10": 2364.539794921875,
      "p25": 3878.341796875,
      "p50": 6577.26171875,
      "p75": 8218.9208984375,
      "p90": 9017.2001953125,
      "median": 6577.26171875,
      "mad": 1820.550537109375
    },
    "text_density": {
      "p10": NaN,
      "p25": NaN,
      "p50": NaN,
      "p75": NaN,
      "p90": NaN,
      "median": NaN,
      "mad": NaN
    },
    "skin_ratio": {
      "p10": 0.17753024399280548,
      "p25": 0.2287648618221283,
      "p50": 0.2855936586856842,
      "p75": 0.3453369140625,
      "p90": 0.3688564598560333,
      "median": 0.2855936586856842,
      "mad": 0.058332644402980804
    },
    "fps": 30.0,
    "frame_count": 448,
    "duration_sec": 14.933333333333334
  },
  "overrides": {
    "sim_thresh_merge": 0.88
  },
  "source": "prefilter",
  "guardrails": {
    "min_norm_score_min": 0.2,
    "min_norm_score_max": 0.36,
    "sim_thresh_merge_min": 0.86,
    "sim_thresh_merge_max": 0.92,
    "hash_thresh_merge_min": 9,
    "hash_thresh_merge_max": 13
  },
  "high_hand_mode": false,
  "applied": {
    "sim_thresh_merge": {
      "before": 0.89,
      "after": 0.88
    }
  },
  "post": {
    "applied": false,
    "before": 0.28,
    "after": 0.28,
    "reason": "",
    "p25": 0.2639923095703125,
    "p50": 0.5749149322509766,
    "p75": 0.8446310758590698
  }
}