{
  "enabled": true,
  "used": true,
  "reason": "ok_from_prefilter",
  "video": "/home/user/workspace/Book_Scanner-7bf229c4/IMG_4886.MOV",
  "sample_fps": 1.0,
  "max_frames": 60,
  "samples": 41,
  "stats": {
    "paper_ratio": {
      "p10": 0.7587009072303772,
      "p25": 0.7936333417892456,
      "p50": 0.8296101689338684,
      "p75": 0.8391249179840088,
      "p90": 0.8472900390625,
      "median": 0.8296101689338684,
      "mad": 0.01690673828125
    },
    "brightness": {
      "p10": 212.40296936035156,
      "p25": 215.2550506591797,
      "p50": 217.36912536621094,
      "p75": 219.16033935546875,
      "p90": 221.75762939453125,
      "median": 217.36912536621094,
      "mad": 2.11407470703125
    },
    "saturation": {
      "p10": 16.94895362854004,
      "p25": 17.40985870361328,
      "p50": 19.46135711669922,
      "p75": 23.53586196899414,
      "p90": 27.23642921447754,
      "median": 19.46135711669922,
      "mad": 2.5124034881591797
    },
    "blur_lap_var": {
      "p10": 2590.041015625,
      "p25": 3004.49560546875,
      "p50": 3494.6875,
      "p75": 4001.352783203125,
      "p90": 4870.88720703125,
      "median": 3494.6875,
      "mad": 494.610107421875
    },
    "text_density": {
      "p10": NaN,
      "p25": NaN,
      "p50": NaN,
      "p75": NaN,
      "p90": NaN,
      "median": NaN,
      "mad": NaN
    },
    "skin_ratio": {
      "p10": 0.1217176616191864,
      "p25": 0.1351589560508728,
      "p50": 0.1612277626991272,
      "p75": 0.2484944611787796,
      "p90": 0.2810329794883728,
      "median": 0.1612277626991272,
      "mad": 0.0411105751991272
    },
    "fps": 29.98766954377312,
    "frame_count": 608,
    "duration_sec": 20.275
  },
  "overrides": {},
  "source": "prefilter",
  "guardrails": {
    "min_norm_score_min": 0.2,
    "min_norm_score_max": 0.36,
    "sim_thresh_merge_min": 0.86,
    "sim_thresh_merge_max": 0.92,
    "hash_thresh_merge_min": 9,
    "hash_thresh_merge_max": 13
  },
  "high_hand_mode": false,
  "applied": {},
  "post": {
    "applied": false,
    "before": 0.28,
    "after": 0.28,
    "reason": "",
    "p25": 0.2561711370944977,
    "p50": 0.41217172145843506,
    "p75": 0.6279069185256958
  }
}