{
  "enabled": true,
  "used": true,
  "reason": "ok",
  "video": "/home/user/workspace/Book_Scanner/IMG_4885.MOV",
  "sample_fps": 1.0,
  "max_frames": 60,
  "samples": 19,
  "stats": {
    "paper_ratio": {
      "p10": 0.7516759634017944,
      "p25": 0.7668402791023254,
      "p50": 0.7864120602607727,
      "p75": 0.7954089641571045,
      "p90": 0.8023549318313599,
      "median": 0.7864120602607727,
      "mad": 0.013364195823669434
    },
    "brightness": {
      "p10": 209.93975830078125,
      "p25": 211.03231811523438,
      "p50": 214.19082641601562,
      "p75": 215.52188110351562,
      "p90": 216.5370635986328,
      "median": 214.19082641601562,
      "mad": 2.0091552734375
    },
    "saturation": {
      "p10": 23.031953811645508,
      "p25": 24.697052001953125,
      "p50": 25.43941307067871,
      "p75": 27.14096450805664,
      "p90": 28.317773818969727,
      "median": 25.43941307067871,
      "mad": 0.9637107849121094
    },
    "blur_lap_var": {
      "p10": 924.5321655273438,
      "p25": 1620.848388671875,
      "p50": 2278.002197265625,
      "p75": 2539.265625,
      "p90": 2583.373046875,
      "median": 2278.002197265625,
      "mad": 298.77197265625
    },
    "text_density": {
      "p10": 0.08455401659011841,
      "p25": 0.10826389491558075,
      "p50": 0.12122685462236404,
      "p75": 0.12513503432273865,
      "p90": 0.1274706870317459,
      "median": 0.12122685462236404,
      "mad": 0.005532406270503998
    },
    "skin_ratio": {
      "p10": 0.28278395533561707,
      "p25": 0.4408642053604126,
      "p50": 0.5252083539962769,
      "p75": 0.5375925898551941,
      "p90": 0.5475416779518127,
      "median": 0.5252083539962769,
      "mad": 0.020478367805480957
    },
    "fps": 30.0,
    "frame_count": 579,
    "duration_sec": 19.3
  },
  "overrides": {
    "sim_thresh_merge": 0.87,
    "min_norm_score": 0.26
  },
  "guardrails": {
    "min_norm_score_min": 0.2,
    "min_norm_score_max": 0.36,
    "sim_thresh_merge_min": 0.86,
    "sim_thresh_merge_max": 0.92,
    "hash_thresh_merge_min": 9,
    "hash_thresh_merge_max": 13
  },
  "high_hand_mode": true,
  "applied": {
    "sim_thresh_merge": {
      "before": 0.89,
      "after": 0.87
    },
    "min_norm_score": {
      "before": 0.28,
      "after": 0.26
    }
  },
  "post": {
    "applied": false,
    "before": 0.26,
    "after": 0.26,
    "reason": "",
    "p25": 0.282363623380661,
    "p50": 0.44834646582603455,
    "p75": 0.7296249866485596
  }
}