page,frame_idx,t_sec,raw_score,norm_score,peak_score,hand,hand_text_overlap,bottom_hand,blur,text
1,0,0.000,1.71297,0.19855,0.14466,0.12306,0.97741,0.59350,87.30,0.03913
2,100,3.333,3.72717,0.55054,0.39881,0.22896,0.57212,1.00000,90.17,0.01280
3,200,6.667,6.30730,1.00000,0.84361,0.11655,0.73616,0.41753,1060.20,0.08126
4,310,10.333,7.59133,1.00000,0.87101,0.10350,0.48725,0.71440,608.43,0.08417
5,410,13.667,4.27294,0.64591,0.50846,0.16288,0.83197,0.83450,146.33,0.04169
