{
  "enabled": true,
  "used": true,
  "reason": "ok_from_prefilter",
  "video": "/home/user/workspace/Book_Scanner/IMG_4921.MOV",
  "sample_fps": 1.0,
  "max_frames": 60,
  "samples": 39,
  "stats": {
    "paper_ratio": {
      "p10": 0.7272772789001465,
      "p25": 0.7674221396446228,
      "p50": 0.7943454384803772,
      "p75": 0.8152533769607544,
      "p90": 0.8308946490287781,
      "median": 0.7943454384803772,
      "mad": 0.022162556648254395
    },
    "brightness": {
      "p10": 204.06883239746094,
      "p25": 209.07180786132812,
      "p50": 216.214599609375,
      "p75": 220.10247802734375,
      "p90": 225.27627563476562,
      "median": 216.214599609375,
      "mad": 5.873443603515625
    },
    "saturation": {
      "p10": 22.072813034057617,
      "p25": 23.548051834106445,
      "p50": 26.85784912109375,
      "p75": 33.34137725830078,
      "p90": 38.24692916870117,
      "median": 26.85784912109375,
      "mad": 4.443277359008789
    },
    "blur_lap_var": {
      "p10": 95.59681701660156,
      "p25": 289.21380615234375,
      "p50": 994.5960693359375,
      "p75": 1923.647216796875,
      "p90": 3440.30078125,
      "median": 994.5960693359375,
      "mad": 863.7464599609375
    },
    "text_density": {
      "p10": NaN,
      "p25": NaN,
      "p50": NaN,
      "p75": NaN,
      "p90": NaN,
      "median": NaN,
      "mad": NaN
    },
    "skin_ratio": {
      "p10": 0.05941840261220932,
      "p25": 0.0931599885225296,
      "p50": 0.2298177033662796,
      "p75": 0.3770412802696228,
      "p90": 0.4670478105545044,
      "median": 0.2298177033662796,
      "mad": 0.147738978266716
    },
    "fps": 30.0,
    "frame_count": 584,
    "duration_sec": 19.466666666666665
  },
  "overrides": {
    "sim_thresh_merge": 0.88
  },
  "source": "prefilter",
  "guardrails": {
    "min_norm_score_min": 0.2,
    "min_norm_score_max": 0.36,
    "sim_thresh_merge_min": 0.86,
    "sim_thresh_merge_max": 0.92,
    "hash_thresh_merge_min": 9,
    "hash_thresh_merge_max": 13
  },
  "high_hand_mode": false,
  "applied": {
    "sim_thresh_merge": {
      "before": 0.89,
      "after": 0.88
    }
  },
  "post": {
    "applied": false,
    "before": 0.28,
    "after": 0.28,
    "reason": "",
    "p25": 0.19217371940612793,
    "p50": 0.4564191401004791,
    "p75": 0.8761974573135376
  }
}