{
  "enabled": true,
  "used": true,
  "reason": "ok_from_prefilter",
  "video": "/home/user/workspace/Book_Scanner-7bf229c4/IMG_4892.MOV",
  "sample_fps": 1.0,
  "max_frames": 60,
  "samples": 38,
  "stats": {
    "paper_ratio": {
      "p10": 0.6000189781188965,
      "p25": 0.6358557939529419,
      "p50": 0.7284715175628662,
      "p75": 0.8381195068359375,
      "p90": 0.8580600619316101,
      "median": 0.7284715175628662,
      "mad": 0.10343766212463379
    },
    "brightness": {
      "p10": 212.72518920898438,
      "p25": 219.00282287597656,
      "p50": 223.52212524414062,
      "p75": 229.86868286132812,
      "p90": 235.5400848388672,
      "median": 223.52212524414062,
      "mad": 5.649574279785156
    },
    "saturation": {
      "p10": 17.884952545166016,
      "p25": 20.85508918762207,
      "p50": 31.997940063476562,
      "p75": 40.14306640625,
      "p90": 45.26366424560547,
      "median": 31.997940063476562,
      "mad": 10.162907600402832
    },
    "blur_lap_var": {
      "p10": 318.9798278808594,
      "p25": 569.7440795898438,
      "p50": 1145.0989990234375,
      "p75": 2322.55810546875,
      "p90": 4084.265869140625,
      "median": 1145.0989990234375,
      "mad": 666.0025024414062
    },
    "text_density": {
      "p10": NaN,
      "p25": NaN,
      "p50": NaN,
      "p75": NaN,
      "p90": NaN,
      "median": NaN,
      "mad": NaN
    },
    "skin_ratio": {
      "p10": 0.2551337480545044,
      "p25": 0.2760722041130066,
      "p50": 0.3648715615272522,
      "p75": 0.4801415205001831,
      "p90": 0.5922268629074097,
      "median": 0.3648715615272522,
      "mad": 0.103329136967659
    },
    "fps": 30.0,
    "frame_count": 569,
    "duration_sec": 18.966666666666665
  },
  "overrides": {
    "sim_thresh_merge": 0.88
  },
  "source": "prefilter",
  "guardrails": {
    "min_norm_score_min": 0.2,
    "min_norm_score_max": 0.36,
    "sim_thresh_merge_min": 0.86,
    "sim_thresh_merge_max": 0.92,
    "hash_thresh_merge_min": 9,
    "hash_thresh_merge_max": 13
  },
  "high_hand_mode": false,
  "applied": {
    "sim_thresh_merge": {
      "before": 0.89,
      "after": 0.88
    }
  },
  "post": {
    "applied": true,
    "before": 0.28,
    "after": 0.26,
    "reason": "",
    "p25": 0.06196741759777069,
    "p50": 0.2905426025390625,
    "p75": 0.7608267664909363
  }
}