{
  "enabled": true,
  "used": true,
  "reason": "ok_from_prefilter",
  "video": "/home/user/workspace/Book_Scanner-af9f6612/IMG_4883.MOV",
  "sample_fps": 1.0,
  "max_frames": 60,
  "samples": 29,
  "stats": {
    "paper_ratio": {
      "p10": 0.7443983554840088,
      "p25": 0.7801174521446228,
      "p50": 0.8065524697303772,
      "p75": 0.8223334550857544,
      "p90": 0.8278658986091614,
      "median": 0.8065524697303772,
      "mad": 0.018656432628631592
    },
    "brightness": {
      "p10": 221.6833953857422,
      "p25": 226.25091552734375,
      "p50": 228.50022888183594,
      "p75": 233.41082763671875,
      "p90": 235.4505157470703,
      "median": 228.50022888183594,
      "mad": 3.2064666748046875
    },
    "saturation": {
      "p10": 23.122188568115234,
      "p25": 24.13295555114746,
      "p50": 27.94894790649414,
      "p75": 32.72358703613281,
      "p90": 35.284080505371094,
      "median": 27.94894790649414,
      "mad": 4.023777008056641
    },
    "blur_lap_var": {
      "p10": 738.8890380859375,
      "p25": 1047.7669677734375,
      "p50": 2622.549560546875,
      "p75": 9902.158203125,
      "p90": 12591.4228515625,
      "median": 2622.549560546875,
      "mad": 2005.77001953125
    },
    "text_density": {
      "p10": NaN,
      "p25": NaN,
      "p50": NaN,
      "p75": NaN,
      "p90": NaN,
      "median": NaN,
      "mad": NaN
    },
    "skin_ratio": {
      "p10": 0.3523044288158417,
      "p25": 0.3849012553691864,
      "p50": 0.4301215410232544,
      "p75": 0.4732598066329956,
      "p90": 0.4957912862300873,
      "median": 0.4301215410232544,
      "mad": 0.043741852045059204
    },
    "fps": 30.0,
    "frame_count": 432,
    "duration_sec": 14.4
  },
  "overrides": {
    "sim_thresh_merge": 0.88
  },
  "source": "prefilter",
  "guardrails": {
    "min_norm_score_min": 0.2,
    "min_norm_score_max": 0.36,
    "sim_thresh_merge_min": 0.86,
    "sim_thresh_merge_max": 0.92,
    "hash_thresh_merge_min": 9,
    "hash_thresh_merge_max": 13
  },
  "high_hand_mode": false,
  "applied": {
    "sim_thresh_merge": {
      "before": 0.89,
      "after": 0.88
    }
  },
  "post": {
    "applied": false,
    "before": 0.28,
    "after": 0.28,
    "reason": "",
    "p25": 0.2604904770851135,
    "p50": 0.6363596320152283,
    "p75": 0.8126880526542664
  }
}